brand;model
Audi;A6 Allroad
Audi;Q7
Audi;RS 5
Audi;A4
Audi;A3
Audi;A5
Audi;S5
Audi;Q5
Audi;SQ5
Audi;A8
Audi;Q3
Audi;Q8
Audi;A6
Audi;A7
Audi;S4
BMW;X6
BMW;X6 M
BMW;X1
BMW;3 серия
BMW;7 серия
BMW;M5
BMW;5 серия
BMW;6 серия
BMW;2 серия
BMW;X2
BMW;X3
BMW;4 серия
BMW;X5
BMW;X4
BMW;X7
BMW;8 серия
BMW;Z4
BMW;X5 M
BMW;X4 M
Cadillac;XT5
Cadillac;CT6
Cadillac;Escalade
Cadillac;XT6
Changan;CS35
Changan;CS35PLUS
Changan;CS75
Changan;CS55
Chery;Tiggo 4
Chery;Tiggo 7
Chery;Tiggo 5
Chery;Tiggo 2
Chery;Tiggo 3
Chery;Tiggo 8
Chevrolet;Tahoe
Chevrolet;Traverse
Chevrolet;Camaro
Chevrolet;Niva
Citroen;Berlingo
Citroen;Jumper
Citroen;C4
Citroen;Spacetourer
Citroen;Jumpy
Citroen;C3 Aircross
Citroen;C5 Aircross
Citroen;DS3
Datsun;on-DO
Datsun;mi-Do
DongFeng;AX7
FAW;Besturn X40
FAW;Besturn X80
Fiat;Ducato
Fiat;Fullback
Fiat;Doblo
Ford;Fiesta
Ford;Focus
Ford;Mondeo
Ford;Kuga
Ford;Explorer
Ford;Transit
Ford;EcoSport
Ford;Tourneo Custom
Geely;Emgrand X7
Geely;Atlas
Geely;Emgrand GT
Geely;Emgrand 7
Geely;Coolray
Genesis;G90
Genesis;G80
Genesis;G70
Haval;H6
Haval;H2
Haval;H6 Coupe
Haval;H9
Haval;F7
Haval;F7X
Honda;CR-V
Honda;Pilot
Hyundai;Elantra
Hyundai;Sonata
Hyundai;Creta
Hyundai;Solaris
Hyundai;i30 N
Hyundai;H-1
Hyundai;Tucson
Hyundai;Santa Fe
Infiniti;QX30
Infiniti;Q30
Infiniti;Q70
Infiniti;Q60
Infiniti;QX60
Infiniti;QX50
Infiniti;QX80
Infiniti;Q50
JAC;S3
JAC;S5
Jaguar;XE
Jaguar;F-Type
Jaguar;F-Pace
Jaguar;XF
Jaguar;XJ
Jaguar;E-Pace
Jaguar;I-Pace
Jeep;Renegade
Jeep;Grand Cherokee
Jeep;Grand Cherokee SRT8
Jeep;Wrangler
Jeep;Compass
Jeep;Cherokee
KIA;Soul
KIA;Sorento
KIA;Cerato
KIA;Picanto
KIA;Rio
KIA;Stinger
KIA;Mohave
KIA;Sportage
KIA;Cee'd
KIA;Optima
KIA;K900
KIA;Proceed
KIA;Seltos
KIA;Quoris
Land Rover;Discovery Sport
Land Rover;Discovery
Land Rover;Velar
Land Rover;Range Rover Sport
Land Rover;Range Rover
Land Rover;Range Rover Evoque
Land Rover;Defender
Lexus;GX
Lexus;RX
Lexus;LX
Lexus;IS
Lexus;NX
Lexus;LS
Lexus;ES
Lexus;Ux
Lifan;x50
Lifan;Solano
Lifan;X60
Lifan;Myway
Lifan;Murman
Lifan;x70
Maserati;Levante
Maserati;Ghibli
Maserati;Quattroporte
Mazda;CX-9
Mazda;CX-5
Mazda;6
Mazda;3
Mercedes-Benz;GLC-Класс
Mercedes-Benz;GLE Coupe
Mercedes-Benz;GLE Coupe AMG
Mercedes-Benz;GLS-Класс
Mercedes-Benz;GLE-Класс AMG
Mercedes-Benz;CLA-Класс
Mercedes-Benz;GLC-Класс Coupe
Mercedes-Benz;E-Класс
Mercedes-Benz;Sprinter
Mercedes-Benz;Vito
Mercedes-Benz;V-Класс
Mercedes-Benz;SL-Класс
Mercedes-Benz;GLS-Класс AMG
Mercedes-Benz;E-Класс AMG
Mercedes-Benz;GLA-Класс
Mercedes-Benz;S-Класс AMG
Mercedes-Benz;S-Класс
Mercedes-Benz;AMG GT
Mercedes-Benz;S-Класс Maybach
Mercedes-Benz;X-Класс
Mercedes-Benz;A-Класс
Mercedes-Benz;C-Класс AMG
Mercedes-Benz;CLS-Класс
Mercedes-Benz;G-Класс AMG
Mercedes-Benz;C-Класс
Mercedes-Benz;GLE-Класс
Mercedes-Benz;G-Класс
Mercedes-Benz;B-Класс
Mercedes-Benz;CLS-Класс AMG
Mercedes-Benz;GLA-Класс AMG
Mini;Clubman
Mini;Countryman
Mini;Hatch
Mini;Cabrio
Mitsubishi;L200
Mitsubishi;ASX
Mitsubishi;Pajero
Mitsubishi;Pajero Sport
Mitsubishi;Eclipse Cross
Mitsubishi;Outlander
Nissan;Qashqai
Nissan;X-Trail
Nissan;Juke
Nissan;Terrano
Nissan;Murano
Nissan;Almera
Nissan;GT-R
Peugeot;2008
Peugeot;Boxer
Peugeot;Partner
Peugeot;3008
Peugeot;Traveller
Peugeot;5008
Peugeot;Expert
Peugeot;408
Peugeot;508
Porsche;911
Porsche;718 Cayman
Porsche;Panamera
Porsche;Cayenne
Porsche;Macan
Ravon;Nexia R3
Ravon;R2
Ravon;R4
Ravon;Gentra
Renault;Koleos
Renault;Dokker
Renault;Master
Renault;Kaptur
Renault;Duster
Renault;Sandero
Renault;Logan
Renault;Arkana
Skoda;Superb
Skoda;Kodiaq
Skoda;Rapid
Skoda;Octavia
Skoda;Karoq
Smart;Fortwo
Smart;Forfour
Subaru;XV
Subaru;Legacy
Subaru;Outback
Subaru;Forester
Subaru;Impreza WRX STI
Suzuki;SX4
Suzuki;Vitara
Suzuki;Jimny
Tesla;Model S
Tesla;Model X
Toyota;RAV4
Toyota;C-HR
Toyota;Highlander
Toyota;Fortuner
Toyota;Corolla
Toyota;Prius
Toyota;Land Cruiser
Toyota;Hilux
Toyota;Alphard
Toyota;Land Cruiser Prado
Toyota;Camry
Toyota;Hiace
Volkswagen;Transporter
Volkswagen;Caddy
Volkswagen;Teramont
Volkswagen;Polo
Volkswagen;Passat
Volkswagen;Caravelle
Volkswagen;Multivan
Volkswagen;Tiguan
Volkswagen;Amarok
Volkswagen;Crafter
Volkswagen;Golf
Volkswagen;Jetta
Volkswagen;Touareg
Volkswagen;Arteon
Volvo;XC90
Volvo;V40 Cross Country
Volvo;S90
Volvo;V90 Cross Country
Volvo;XC40
Volvo;XC60
Volvo;S60
Volvo;V60 Cross Country
Zotye;T600
Zotye;Coupa
ВАЗ (Lada);2121 (4x4) Urban
ВАЗ (Lada);Largus
ВАЗ (Lada);Xray
ВАЗ (Lada);Vesta
ВАЗ (Lada);Granta
ВАЗ (Lada);2121 (4x4)
ВИС;2349
ГАЗ;Next
ГАЗ;2310 Соболь
ГАЗ;2752 Соболь
ГАЗ;2217 Соболь
ГАЗ;2705 ГАЗель
ГАЗ;3302 ГАЗель
ГАЗ;3221 ГАЗель
УАЗ;2206
УАЗ;3303
УАЗ;3741
УАЗ;3909
УАЗ;"23602 ""Cargo"""
УАЗ;Patriot
УАЗ;Pickup
УАЗ;Профи
УАЗ;Hunter
